[
{
	"uri": "/vi/1-introduction/",
	"title": "Giới thiệu",
	"tags": [],
	"description": "",
	"content": "Giới thiệu "
},
{
	"uri": "/vi/",
	"title": "Session Management",
	"tags": [],
	"description": "",
	"content": "Triển khai ứng dụng web với Elasitc Beanstalk và CDK Pipeline "
},
{
	"uri": "/vi/2-preparation/2.1-createrepo/",
	"title": "Tạo repo",
	"tags": [],
	"description": "",
	"content": "Tạo repo "
},
{
	"uri": "/vi/2-preparation/2.2-setupenv/",
	"title": "Chuẩn bị môi trường",
	"tags": [],
	"description": "",
	"content": "Chuẩn bị môi trường "
},
{
	"uri": "/vi/2-preparation/",
	"title": "Các bước chuẩn bị",
	"tags": [],
	"description": "",
	"content": "Các bước chuẩn bị "
},
{
	"uri": "/vi/3-buildapp/",
	"title": "Xây dựng ứng dụng web",
	"tags": [],
	"description": "",
	"content": "Xây dựng ứng dụng web "
},
{
	"uri": "/vi/4-createinfrausingcdk/",
	"title": "Tạo hạ tầng bằng CDK",
	"tags": [],
	"description": "",
	"content": "Tạo hạ tầng bằng CDK "
},
{
	"uri": "/vi/5-addbeanstalkcdk/",
	"title": "Thêm Elastic Beanstalk CDK ",
	"tags": [],
	"description": "",
	"content": "Thêm Elastic Beanstalk CDK "
},
{
	"uri": "/vi/6-createcdkpipelinestack/",
	"title": "Tạo CICD Pipeline Stack",
	"tags": [],
	"description": "",
	"content": "Tạo CICD Pipeline Stack "
},
{
	"uri": "/vi/7-deployapp/",
	"title": "Triển khai ứng dụng",
	"tags": [],
	"description": "",
	"content": "Triển khai ứng dụng "
},
{
	"uri": "/vi/8-checkresult/",
	"title": "Kiểm tra kết quả",
	"tags": [],
	"description": "",
	"content": "Kiểm tra kết quả "
},
{
	"uri": "/vi/9-cleanup/",
	"title": "Dọn dẹp tài nguyên",
	"tags": [],
	"description": "",
	"content": "Dọn dẹp tài nguyên "
},
{
	"uri": "/vi/categories/",
	"title": "Categories",
	"tags": [],
	"description": "",
	"content": ""
},
{
	"uri": "/vi/tags/",
	"title": "Tags",
	"tags": [],
	"description": "",
	"content": ""
}]