<?xml version="1.0" encoding="utf-8" standalone="yes"?>
<rss version="2.0" xmlns:atom="http://www.w3.org/2005/Atom">
  <channel>
    <title>Tạo các security group on AWS System Manager</title>
    <link>/vi/2-prerequiste/2.1-createec2/2.1.4-createsecgroup/</link>
    <description>Recent content in Tạo các security group on AWS System Manager</description>
    <generator>Hugo -- gohugo.io</generator><atom:link href="/vi/2-prerequiste/2.1-createec2/2.1.4-createsecgroup/index.xml" rel="self" type="application/rss+xml" />
  </channel>
</rss>
