<?xml version="1.0" encoding="utf-8" standalone="yes"?>
<rss version="2.0" xmlns:atom="http://www.w3.org/2005/Atom">
  <channel>
    <title>Deploy Web App With Elastic Beanstalk and CDK Pipelines on AWS System Manager</title>
    <link>/</link>
    <description>Recent content in Deploy Web App With Elastic Beanstalk and CDK Pipelines on AWS System Manager</description>
    <generator>Hugo -- gohugo.io</generator><atom:link href="/index.xml" rel="self" type="application/rss+xml" />
  </channel>
</rss>
