<?xml version="1.0" encoding="utf-8" standalone="yes"?>
<rss version="2.0" xmlns:atom="http://www.w3.org/2005/Atom">
  <channel>
    <title>Kết nối đến máy chủ Public on AWS System Manager</title>
    <link>/vi/3-accessibilitytoinstances/3.1-public-instance/</link>
    <description>Recent content in Kết nối đến máy chủ Public on AWS System Manager</description>
    <generator>Hugo -- gohugo.io</generator><atom:link href="/vi/3-accessibilitytoinstances/3.1-public-instance/index.xml" rel="self" type="application/rss+xml" />
  </channel>
</rss>
