<?xml version="1.0" encoding="utf-8" standalone="yes"?>
<rss version="2.0" xmlns:atom="http://www.w3.org/2005/Atom">
  <channel>
    <title>Triển khai ứng dụng sử dụng Beanstalk on AWS System Manager</title>
    <link>/vi/</link>
    <description>Recent content in Triển khai ứng dụng sử dụng Beanstalk on AWS System Manager</description>
    <generator>Hugo -- gohugo.io</generator><atom:link href="/vi/index.xml" rel="self" type="application/rss+xml" />
  </channel>
</rss>
