<?xml version="1.0" encoding="utf-8" standalone="yes"?>
<rss version="2.0" xmlns:atom="http://www.w3.org/2005/Atom">
  <channel>
    <title>Dọn dẹp tài nguyên   on AWS System Manager</title>
    <link>/vi/6-cleanup/</link>
    <description>Recent content in Dọn dẹp tài nguyên   on AWS System Manager</description>
    <generator>Hugo -- gohugo.io</generator>
    <lastBuildDate>Thu, 01 Jan 1970 07:33:41 +0700</lastBuildDate><atom:link href="/vi/6-cleanup/index.xml" rel="self" type="application/rss+xml" />
  </channel>
</rss>
