<?xml version="1.0" encoding="utf-8" standalone="yes"?>
<rss version="2.0" xmlns:atom="http://www.w3.org/2005/Atom">
  <channel>
    <title>Update application in Develop environment on AWS System Manager</title>
    <link>/5-updateappinenv/</link>
    <description>Recent content in Update application in Develop environment on AWS System Manager</description>
    <generator>Hugo -- gohugo.io</generator><atom:link href="/5-updateappinenv/index.xml" rel="self" type="application/rss+xml" />
  </channel>
</rss>
