<?xml version="1.0" encoding="utf-8" standalone="yes"?>
<rss version="2.0" xmlns:atom="http://www.w3.org/2005/Atom">
  <channel>
    <title>Hoán đổi URL giữa hai môi trường on AWS System Manager</title>
    <link>/vi/5-swapurlbetweentwoenv/</link>
    <description>Recent content in Hoán đổi URL giữa hai môi trường on AWS System Manager</description>
    <generator>Hugo -- gohugo.io</generator><atom:link href="/vi/5-swapurlbetweentwoenv/index.xml" rel="self" type="application/rss+xml" />
  </channel>
</rss>
