<?xml version="1.0" encoding="utf-8" standalone="yes"?>
<rss version="2.0" xmlns:atom="http://www.w3.org/2005/Atom">
  <channel>
    <title>Tạo môi trường phát triển trong Elastic Beanstalk on AWS System Manager</title>
    <link>/vi/3-createdevenv/</link>
    <description>Recent content in Tạo môi trường phát triển trong Elastic Beanstalk on AWS System Manager</description>
    <generator>Hugo -- gohugo.io</generator><atom:link href="/vi/3-createdevenv/index.xml" rel="self" type="application/rss+xml" />
  </channel>
</rss>
