<?xml version="1.0" encoding="utf-8" standalone="yes"?>
<rss version="2.0" xmlns:atom="http://www.w3.org/2005/Atom">
  <channel>
    <title>Cập nhật ứng dụng trong môi trường phát triển on AWS System Manager</title>
    <link>/vi/8-updateappinenv/</link>
    <description>Recent content in Cập nhật ứng dụng trong môi trường phát triển on AWS System Manager</description>
    <generator>Hugo -- gohugo.io</generator><atom:link href="/vi/8-updateappinenv/index.xml" rel="self" type="application/rss+xml" />
  </channel>
</rss>
