<?xml version="1.0" encoding="utf-8" standalone="yes"?>
<rss version="2.0" xmlns:atom="http://www.w3.org/2005/Atom">
  <channel>
    <title>Tạo IAM role cho EB service on AWS System Manager</title>
    <link>/vi/2-preparation/2.2-createinstancerole/</link>
    <description>Recent content in Tạo IAM role cho EB service on AWS System Manager</description>
    <generator>Hugo -- gohugo.io</generator><atom:link href="/vi/2-preparation/2.2-createinstancerole/index.xml" rel="self" type="application/rss+xml" />
  </channel>
</rss>
