<?xml version="1.0" encoding="utf-8" standalone="yes"?>
<rss version="2.0" xmlns:atom="http://www.w3.org/2005/Atom">
  <channel>
    <title>Create Develop environment in Elastic Beanstalk on AWS System Manager</title>
    <link>/3-createdevenv/</link>
    <description>Recent content in Create Develop environment in Elastic Beanstalk on AWS System Manager</description>
    <generator>Hugo -- gohugo.io</generator><atom:link href="/3-createdevenv/index.xml" rel="self" type="application/rss+xml" />
  </channel>
</rss>
