<?xml version="1.0" encoding="utf-8" standalone="yes"?>
<rss version="2.0" xmlns:atom="http://www.w3.org/2005/Atom">
  <channel>
    <title>Create insfratructure using CDK on AWS System Manager</title>
    <link>/4-createinfrausingcdk/</link>
    <description>Recent content in Create insfratructure using CDK on AWS System Manager</description>
    <generator>Hugo -- gohugo.io</generator><atom:link href="/4-createinfrausingcdk/index.xml" rel="self" type="application/rss+xml" />
  </channel>
</rss>
